Feature,Chi2-statistic,p-value,Cramer's V,Significant
frequency_tier,577.614874670267,1.2734140162376382e-112,0.408112258494554,***
value_quintile,423.48087417020156,4.315400048353345e-80,0.3494438133822529,***
is_active_12m,73.31109420758304,4.534476166917073e-15,0.2907872110063833,***
is_churned,75.73833204565575,1.3907061798197439e-15,0.2955618114141016,***
has_website,101.96903927218176,3.746092481327326e-21,0.34294511024579644,***
ch_matched,0.0,1.0,0.0,ns
